{
  "mean_ks": 0.026868339843749953,
  "median_ks": 0.02412999999999995,
  "max_ks": 0.1628799999999999,
  "mean_wasserstein": 0.08320974410580351,
  "ks_p_lt_0.001": 1024,
  "ks_p_lt_0.0001": 1024,
  "ks_p_lt_1e-05": 1024
}