{
  "classes": 1000,
  "mean_delta": 0.10385999999999998,
  "median_delta": 0.07999999999999996,
  "p90_delta": 0.36,
  "p10_delta": -0.08199999999999995,
  "frac_delta_ge_0_2": 0.263,
  "paired_t_stat": 17.430246408701294,
  "paired_p": 1.3063219256576365e-59
}