class,val_acc,test_acc,delta,abs_delta
240,0.44,0.9,-0.46,0.46
381,0.46,0.9,-0.44,0.44
382,0.62,1.0,-0.38,0.38
40,0.54,0.9,-0.36,0.36
899,0.46,0.8,-0.34,0.34
86,0.56,0.9,-0.3399999999999999,0.3399999999999999
493,0.58,0.9,-0.32,0.32
167,0.48,0.8,-0.32,0.32
527,0.6,0.9,-0.3,0.3
62,0.7,1.0,-0.3,0.3
