class,val_acc,test_acc,delta,abs_delta
497,0.8,0.0,0.8,0.8
204,0.9,0.1,0.8,0.8
679,0.98,0.2,0.78,0.78
898,0.84,0.1,0.74,0.74
201,0.82,0.1,0.72,0.72
982,0.9,0.2,0.7,0.7
130,0.98,0.3,0.6799999999999999,0.6799999999999999
859,0.88,0.2,0.6799999999999999,0.6799999999999999
532,0.84,0.2,0.6399999999999999,0.6399999999999999
852,0.94,0.3,0.6399999999999999,0.6399999999999999
