{
  "merged_rows": 1024,
  "pearson_r": 0.02281539977638969,
  "pearson_p": 0.46582062168452426,
  "spearman_rho": -0.01029636749290986,
  "spearman_p": 0.742087620966992
}